﻿{   
    "Retail": [
        {
            "WeekOf": "30-Dec",
            "VolGrowth": "6.0",
            "TxnGrowth": "6.8"
        },
        {
            "WeekOf": "6-Jan",
            "VolGrowth": "2.2",
            "TxnGrowth": "3.5"
        },
        {
            "WeekOf": "13-Jan",
            "VolGrowth": "0.8",
            "TxnGrowth": "1.9"
        },
        {
            "WeekOf": "20-Jan",
            "VolGrowth": "4.5",
            "TxnGrowth": "5.6",
            "VolGrowthAVG": "3.4",
            "TxnGrowthAVG": "4.5"
        },
        {
            "WeekOf": "27-Jan",
            "VolGrowth": "3.6",
            "TxnGrowth": "5.9",
            "VolGrowthAVG": "2.7",
            "TxnGrowthAVG": "4.2"
        },
        {
            "WeekOf": "3-Feb",
            "VolGrowth": "2.8",
            "TxnGrowth": "4.1",
            "VolGrowthAVG": "2.9",
            "TxnGrowthAVG": "4.4"
        },
        {
            "WeekOf": "10-Feb",
            "VolGrowth": "6.2",
            "TxnGrowth": "8.5",
            "VolGrowthAVG": "4.3",
            "TxnGrowthAVG": "6.0"
        },
        {
            "WeekOf": "17-Feb",
            "VolGrowth": "3.9",
            "TxnGrowth": "5.9",
            "VolGrowthAVG": "4.1",
            "TxnGrowthAVG": "6.1"
        },
        {
            "WeekOf": "24-Feb",
            "VolGrowth": "3.8",
            "TxnGrowth": "5.4",
            "VolGrowthAVG": "4.2",
            "TxnGrowthAVG": "6.0"
        },
        {
            "WeekOf": "2-Mar",
            "VolGrowth": "8.0",
            "TxnGrowth": "8.1",
            "VolGrowthAVG": "5.5",
            "TxnGrowthAVG": "7.0"
        },
        {
            "WeekOf": "9-Mar",
            "VolGrowth": "9.9",
            "TxnGrowth": "10.4",
            "VolGrowthAVG": "6.4",
            "TxnGrowthAVG": "7.5"
        },
        {
            "WeekOf": "16-Mar",
            "VolGrowth": "-11.3",
            "TxnGrowth": "-13.4",
            "VolGrowthAVG": "2.6",
            "TxnGrowthAVG": "2.6"
        },
        {
            "WeekOf": "23-Mar",
            "VolGrowth": "-34.9",
            "TxnGrowth": "-34.8",
            "VolGrowthAVG": "-7.1",
            "TxnGrowthAVG": "-7.4"
        },
        {
            "WeekOf": "30-Mar",
            "VolGrowth": "-29.5",
            "TxnGrowth": "-34.3",
            "VolGrowthAVG": "-16.4",
            "TxnGrowthAVG": "-18.0"
        },
        {
            "WeekOf": "6-Apr",
            "VolGrowth": "-68.5",
            "TxnGrowth": "-72.7",
            "VolGrowthAVG": "-36.0",
            "TxnGrowthAVG": "-38.8"
        },
        {
            "WeekOf": "13-Apr",
            "VolGrowth": "-19.7",
            "TxnGrowth": "-29.0",
            "VolGrowthAVG": "-38.1",
            "TxnGrowthAVG": "-42.7"
        },
        {
            "WeekOf": "20-Apr",
            "VolGrowth": "-23.0",
            "TxnGrowth": "-27.8",
            "VolGrowthAVG": "-35.2",
            "TxnGrowthAVG": "-41.0"
        },
        {
            "WeekOf": "27-Apr",
            "VolGrowth": "-18.5",
            "TxnGrowth": "-23.8",
            "VolGrowthAVG": "-32.4",
            "TxnGrowthAVG": "-38.3"
        },
        {
            "WeekOf": "4-May",
            "VolGrowth": "-15.7",
            "TxnGrowth": "-21.9",
            "VolGrowthAVG": "-19.2",
            "TxnGrowthAVG": "-25.6"
        },
        {
            "WeekOf": "11-May",
            "VolGrowth": "-10.7",
            "TxnGrowth": "-16.8",
            "VolGrowthAVG": "-17.0",
            "TxnGrowthAVG": "-22.6"
        },
        {
            "WeekOf": "18-May",
            "VolGrowth": "-0.1",
            "TxnGrowth": "-8.1",
            "VolGrowthAVG": "-11.3",
            "TxnGrowthAVG": "-17.6"
        },
        {
            "WeekOf": "25-May",
            "VolGrowth": "0.0",
            "TxnGrowth": "-7.4",
            "VolGrowthAVG": "-6.6",
            "TxnGrowthAVG": "-13.5"
        },
        {
            "WeekOf": "1-Jun",
            "VolGrowth": "2.0",
            "TxnGrowth": "-6.4",
            "VolGrowthAVG": "-2.2",
            "TxnGrowthAVG": "-9.7"
        },
        {
            "WeekOf": "8-Jun",
            "VolGrowth": "1.9",
            "TxnGrowth": "-5.9",
            "VolGrowthAVG": "1.0",
            "TxnGrowthAVG": "-7.0"
        },
        {
            "WeekOf": "15-Jun",
            "VolGrowth": "8.2",
            "TxnGrowth": "1.1",
            "VolGrowthAVG": "3.1",
            "TxnGrowthAVG": "-4.7"
        },
        {
            "WeekOf": "22-Jun",
            "VolGrowth": "-2.7",
            "TxnGrowth": "-5.2",
            "VolGrowthAVG": "2.4",
            "TxnGrowthAVG": "-4.1"
        },
        {
            "WeekOf": "29-Jun",
            "VolGrowth": "11.2",
            "TxnGrowth": "2.2",
            "VolGrowthAVG": "4.6",
            "TxnGrowthAVG": "-2.0"
        },
        {
            "WeekOf": "6-Jul",
            "VolGrowth": "8.8",
            "TxnGrowth": "0.8",
            "VolGrowthAVG": "6.4",
            "TxnGrowthAVG": "-0.3"
        },
        {
            "WeekOf": "13-Jul",
            "VolGrowth": "6.1",
            "TxnGrowth": "0.2",
            "VolGrowthAVG": "5.8",
            "TxnGrowthAVG": "-0.5"
        },
        {
            "WeekOf": "20-Jul",
            "VolGrowth": "5.7",
            "TxnGrowth": "0.4",
            "VolGrowthAVG": "7.9",
            "TxnGrowthAVG": "0.9"
        },
        {
            "WeekOf": "27-Jul",
            "VolGrowth": "4.7",
            "TxnGrowth": "0.2",
            "VolGrowthAVG": "6.3",
            "TxnGrowthAVG": "0.4"
        },
        {
            "WeekOf": "3-Aug",
            "VolGrowth": "8.6",
            "TxnGrowth": "1.8",
            "VolGrowthAVG": "6.3",
            "TxnGrowthAVG": "0.7"
        },
        {
            "WeekOf": "10-Aug",
            "VolGrowth": "6.1",
            "TxnGrowth": "1.9",
            "VolGrowthAVG": "6.3",
            "TxnGrowthAVG": "1.1"
        },
        {
            "WeekOf": "17-Aug",
            "VolGrowth": "5.1",
            "TxnGrowth": "-0.1",
            "VolGrowthAVG": "6.1",
            "TxnGrowthAVG": "1.0"
        },
        {
            "WeekOf": "24-Aug",
            "VolGrowth": "-0.4",
            "TxnGrowth": "-2.9",
            "VolGrowthAVG": "4.8",
            "TxnGrowthAVG": "0.2"
        },
        {
            "WeekOf": "31-Aug",
            "VolGrowth": "17.6",
            "TxnGrowth": "7.8",
            "VolGrowthAVG": "7.1",
            "TxnGrowthAVG": "1.7"
        },
        {
            "WeekOf": "7-Sep",
            "VolGrowth": "0.2",
            "TxnGrowth": "-0.6",
            "VolGrowthAVG": "5.6",
            "TxnGrowthAVG": "1.1"
        },
        {
            "WeekOf": "14-Sep",
            "VolGrowth": "9.9",
            "TxnGrowth": "1.4",
            "VolGrowthAVG": "6.8",
            "TxnGrowthAVG": "1.4"
        },
        {
            "WeekOf": "21-Sep",
            "VolGrowth": "3.4",
            "TxnGrowth": "-0.6",
            "VolGrowthAVG": "7.8",
            "TxnGrowthAVG": "2.0"
        },
        {
            "WeekOf": "28-Sep",
            "VolGrowth": "4.2",
            "TxnGrowth": "-1.4",
            "VolGrowthAVG": "4.4",
            "TxnGrowthAVG": "-0.3"
        },
        {
            "WeekOf": "5-Oct",
            "VolGrowth": "5.1",
            "TxnGrowth": "-0.8",
            "VolGrowthAVG": "5.6",
            "TxnGrowthAVG": "-0.3"
        },
        {
            "WeekOf": "12-Oct",
            "VolGrowth": "3.8",
            "TxnGrowth": "-3.6",
            "VolGrowthAVG": "4.1",
            "TxnGrowthAVG": "-1.6"
        },
        {
            "WeekOf": "19-Oct",
            "VolGrowth": "7.5",
            "TxnGrowth": "-1.4",
            "VolGrowthAVG": "5.1",
            "TxnGrowthAVG": "-1.8"
        },
        {
            "WeekOf": "26-Oct",
            "VolGrowth": "6.5",
            "TxnGrowth": "-0.2",
            "VolGrowthAVG": "5.7",
            "TxnGrowthAVG": "-1.5"
        },
        {
            "WeekOf": "2-Nov",
            "VolGrowth": "2.2",
            "TxnGrowth": "-3.3",
            "VolGrowthAVG": "5.0",
            "TxnGrowthAVG": "-2.1"
        },
        {
            "WeekOf": "9-Nov",
            "VolGrowth": "4.3",
            "TxnGrowth": "-2.0",
            "VolGrowthAVG": "5.1",
            "TxnGrowthAVG": "-1.7"
        },
        {
            "WeekOf": "16-Nov",
            "VolGrowth": "10.2",
            "TxnGrowth": "-1.7",
            "VolGrowthAVG": "5.8",
            "TxnGrowthAVG": "-1.8"
        },
        {
            "WeekOf": "23-Nov",
            "VolGrowth": "-2.3",
            "TxnGrowth": "-7.3",
            "VolGrowthAVG": "3.6",
            "TxnGrowthAVG": "-3.6"
        },
        {
            "WeekOf": "30-Nov",
            "VolGrowth": "5.5",
            "TxnGrowth": "-6.0",
            "VolGrowthAVG": "4.4",
            "TxnGrowthAVG": "-4.3"
        },
        {
            "WeekOf": "7-Dec",
            "VolGrowth": "0.7",
            "TxnGrowth": "-8.9",
            "VolGrowthAVG": "3.5",
            "TxnGrowthAVG": "-6.0"
        }
    ],
    "TravelEnt": [
        {
            "WeekOf": "30-Dec",
            "VolGrowth": "-2.6",
            "TxnGrowth": "2.8"
        },
        {
            "WeekOf": "6-Jan",
            "VolGrowth": "-4.5",
            "TxnGrowth": "-1.3"
        },
        {
            "WeekOf": "13-Jan",
            "VolGrowth": "-0.5",
            "TxnGrowth": "-2.4"
        },
        {
            "WeekOf": "20-Jan",
            "VolGrowth": "1.9",
            "TxnGrowth": "2.1",
            "VolGrowthAVG": "-1.4",
            "TxnGrowthAVG": "0.3"
        },
        {
            "WeekOf": "27-Jan",
            "VolGrowth": "-0.6",
            "TxnGrowth": "5.0",
            "VolGrowthAVG": "-0.9",
            "TxnGrowthAVG": "0.8"
        },
        {
            "WeekOf": "3-Feb",
            "VolGrowth": "4.3",
            "TxnGrowth": "2.7",
            "VolGrowthAVG": "1.3",
            "TxnGrowthAVG": "1.8"
        },
        {
            "WeekOf": "10-Feb",
            "VolGrowth": "9.2",
            "TxnGrowth": "7.7",
            "VolGrowthAVG": "3.7",
            "TxnGrowthAVG": "4.4"
        },
        {
            "WeekOf": "17-Feb",
            "VolGrowth": "6.2",
            "TxnGrowth": "4.6",
            "VolGrowthAVG": "4.8",
            "TxnGrowthAVG": "5.0"
        },
        {
            "WeekOf": "24-Feb",
            "VolGrowth": "1.1",
            "TxnGrowth": "3.8",
            "VolGrowthAVG": "5.2",
            "TxnGrowthAVG": "4.7"
        },
        {
            "WeekOf": "2-Mar",
            "VolGrowth": "-2.2",
            "TxnGrowth": "4.6",
            "VolGrowthAVG": "3.6",
            "TxnGrowthAVG": "5.2"
        },
        {
            "WeekOf": "9-Mar",
            "VolGrowth": "-23.5",
            "TxnGrowth": "-10.7",
            "VolGrowthAVG": "-4.6",
            "TxnGrowthAVG": "0.6"
        },
        {
            "WeekOf": "16-Mar",
            "VolGrowth": "-66.5",
            "TxnGrowth": "-52.5",
            "VolGrowthAVG": "-22.8",
            "TxnGrowthAVG": "-13.7"
        },
        {
            "WeekOf": "23-Mar",
            "VolGrowth": "-77.7",
            "TxnGrowth": "-67.2",
            "VolGrowthAVG": "-42.5",
            "TxnGrowthAVG": "-31.5"
        },
        {
            "WeekOf": "30-Mar",
            "VolGrowth": "-75.1",
            "TxnGrowth": "-65.4",
            "VolGrowthAVG": "-60.7",
            "TxnGrowthAVG": "-49.0"
        },
        {
            "WeekOf": "6-Apr",
            "VolGrowth": "-92.2",
            "TxnGrowth": "-88.7",
            "VolGrowthAVG": "-77.9",
            "TxnGrowthAVG": "-68.5"
        },
        {
            "WeekOf": "13-Apr",
            "VolGrowth": "-71.3",
            "TxnGrowth": "-58.3",
            "VolGrowthAVG": "-79.1",
            "TxnGrowthAVG": "-69.9"
        },
        {
            "WeekOf": "20-Apr",
            "VolGrowth": "-71.1",
            "TxnGrowth": "-57.7",
            "VolGrowthAVG": "-77.4",
            "TxnGrowthAVG": "-67.5"
        },
        {
            "WeekOf": "27-Apr",
            "VolGrowth": "-69.7",
            "TxnGrowth": "-54.7",
            "VolGrowthAVG": "-76.1",
            "TxnGrowthAVG": "-64.9"
        },
        {
            "WeekOf": "4-May",
            "VolGrowth": "-67.6",
            "TxnGrowth": "-51.8",
            "VolGrowthAVG": "-69.9",
            "TxnGrowthAVG": "-55.6"
        },
        {
            "WeekOf": "11-May",
            "VolGrowth": "-65.7",
            "TxnGrowth": "-50.3",
            "VolGrowthAVG": "-68.5",
            "TxnGrowthAVG": "-53.6"
        },
        {
            "WeekOf": "18-May",
            "VolGrowth": "-61.9",
            "TxnGrowth": "-44.9",
            "VolGrowthAVG": "-66.2",
            "TxnGrowthAVG": "-50.4"
        },
        {
            "WeekOf": "25-May",
            "VolGrowth": "-60.2",
            "TxnGrowth": "-43.2",
            "VolGrowthAVG": "-63.8",
            "TxnGrowthAVG": "-47.6"
        },
        {
            "WeekOf": "1-Jun",
            "VolGrowth": "-58.2",
            "TxnGrowth": "-40.8",
            "VolGrowthAVG": "-61.5",
            "TxnGrowthAVG": "-44.8"
        },
        {
            "WeekOf": "8-Jun",
            "VolGrowth": "-56.7",
            "TxnGrowth": "-38.1",
            "VolGrowthAVG": "-59.2",
            "TxnGrowthAVG": "-41.8"
        },
        {
            "WeekOf": "15-Jun",
            "VolGrowth": "-50.4",
            "TxnGrowth": "-34.2",
            "VolGrowthAVG": "-56.4",
            "TxnGrowthAVG": "-39.1"
        },
        {
            "WeekOf": "22-Jun",
            "VolGrowth": "-47.6",
            "TxnGrowth": "-31.6",
            "VolGrowthAVG": "-53.2",
            "TxnGrowthAVG": "-36.2"
        },
        {
            "WeekOf": "29-Jun",
            "VolGrowth": "-42.8",
            "TxnGrowth": "-26.2",
            "VolGrowthAVG": "-49.4",
            "TxnGrowthAVG": "-32.5"
        },
        {
            "WeekOf": "6-Jul",
            "VolGrowth": "-43.5",
            "TxnGrowth": "-26.4",
            "VolGrowthAVG": "-46.1",
            "TxnGrowthAVG": "-29.6"
        },
        {
            "WeekOf": "13-Jul",
            "VolGrowth": "-40.9",
            "TxnGrowth": "-23.4",
            "VolGrowthAVG": "-43.7",
            "TxnGrowthAVG": "-26.9"
        },
        {
            "WeekOf": "20-Jul",
            "VolGrowth": "-40.4",
            "TxnGrowth": "-22.7",
            "VolGrowthAVG": "-41.9",
            "TxnGrowthAVG": "-24.7"
        },
        {
            "WeekOf": "27-Jul",
            "VolGrowth": "-39.0",
            "TxnGrowth": "-22.0",
            "VolGrowthAVG": "-41.0",
            "TxnGrowthAVG": "-23.6"
        },
        {
            "WeekOf": "3-Aug",
            "VolGrowth": "-37.2",
            "TxnGrowth": "-21.8",
            "VolGrowthAVG": "-39.4",
            "TxnGrowthAVG": "-22.5"
        },
        {
            "WeekOf": "10-Aug",
            "VolGrowth": "-36.8",
            "TxnGrowth": "-21.5",
            "VolGrowthAVG": "-38.4",
            "TxnGrowthAVG": "-22.0"
        },
        {
            "WeekOf": "17-Aug",
            "VolGrowth": "-37.1",
            "TxnGrowth": "-21.1",
            "VolGrowthAVG": "-37.6",
            "TxnGrowthAVG": "-21.6"
        },
        {
            "WeekOf": "24-Aug",
            "VolGrowth": "-36.0",
            "TxnGrowth": "-19.6",
            "VolGrowthAVG": "-36.8",
            "TxnGrowthAVG": "-21.0"
        },
        {
            "WeekOf": "31-Aug",
            "VolGrowth": "-27.4",
            "TxnGrowth": "-11.7",
            "VolGrowthAVG": "-34.3",
            "TxnGrowthAVG": "-18.5"
        },
        {
            "WeekOf": "7-Sep",
            "VolGrowth": "-35.7",
            "TxnGrowth": "-20.9",
            "VolGrowthAVG": "-34.0",
            "TxnGrowthAVG": "-18.3"
        },
        {
            "WeekOf": "14-Sep",
            "VolGrowth": "-38.2",
            "TxnGrowth": "-22.0",
            "VolGrowthAVG": "-34.3",
            "TxnGrowthAVG": "-18.5"
        },
        {
            "WeekOf": "21-Sep",
            "VolGrowth": "-40.1",
            "TxnGrowth": "-22.8",
            "VolGrowthAVG": "-35.3",
            "TxnGrowthAVG": "-19.3"
        },
        {
            "WeekOf": "28-Sep",
            "VolGrowth": "-40.0",
            "TxnGrowth": "-21.4",
            "VolGrowthAVG": "-38.5",
            "TxnGrowthAVG": "-21.8"
        },
        {
            "WeekOf": "5-Oct",
            "VolGrowth": "-41.2",
            "TxnGrowth": "-22.6",
            "VolGrowthAVG": "-39.9",
            "TxnGrowthAVG": "-22.2"
        },
        {
            "WeekOf": "12-Oct",
            "VolGrowth": "-43.4",
            "TxnGrowth": "-24.7",
            "VolGrowthAVG": "-41.2",
            "TxnGrowthAVG": "-22.9"
        },
        {
            "WeekOf": "19-Oct",
            "VolGrowth": "-43.5",
            "TxnGrowth": "-24.4",
            "VolGrowthAVG": "-42.0",
            "TxnGrowthAVG": "-23.3"
        },
        {
            "WeekOf": "26-Oct",
            "VolGrowth": "-44.6",
            "TxnGrowth": "-22.4",
            "VolGrowthAVG": "-43.2",
            "TxnGrowthAVG": "-23.5"
        },
        {
            "WeekOf": "2-Nov",
            "VolGrowth": "-46.0",
            "TxnGrowth": "-22.5",
            "VolGrowthAVG": "-44.4",
            "TxnGrowthAVG": "-23.5"
        },
        {
            "WeekOf": "9-Nov",
            "VolGrowth": "-46.9",
            "TxnGrowth": "-24.3",
            "VolGrowthAVG": "-45.2",
            "TxnGrowthAVG": "-23.4"
        },
        {
            "WeekOf": "16-Nov",
            "VolGrowth": "-48.7",
            "TxnGrowth": "-29.4",
            "VolGrowthAVG": "-46.5",
            "TxnGrowthAVG": "-24.7"
        },
        {
            "WeekOf": "23-Nov",
            "VolGrowth": "-52.1",
            "TxnGrowth": "-30.8",
            "VolGrowthAVG": "-48.4",
            "TxnGrowthAVG": "-26.7"
        },
        {
            "WeekOf": "3-Nov",
            "VolGrowth": "-51.7",
            "TxnGrowth": "-29.9",
            "VolGrowthAVG": "-49.8",
            "TxnGrowthAVG": "-28.6"
        },
        {
            "WeekOf": "7-Dec",
            "VolGrowth": "-53.1",
            "TxnGrowth": "-29.7",
            "VolGrowthAVG": "-51.4",
            "TxnGrowthAVG": "-30.0"
        }
    ],
    "Services": [
        {
            "WeekOf": "30-Dec",
            "VolGrowth": "1.5",
            "TxnGrowth": "5.2"
        },
        {
            "WeekOf": "6-Jan",
            "VolGrowth": "4.9",
            "TxnGrowth": "3.2"
        },
        {
            "WeekOf": "13-Jan",
            "VolGrowth": "0.4",
            "TxnGrowth": "-1.1"
        },
        {
            "WeekOf": "20-Jan",
            "VolGrowth": "4.3",
            "TxnGrowth": "4.3",
            "VolGrowthAVG": "2.8",
            "TxnGrowthAVG": "2.9"
        },
        {
            "WeekOf": "27-Jan",
            "VolGrowth": "1.4",
            "TxnGrowth": "5.3",
            "VolGrowthAVG": "2.7",
            "TxnGrowthAVG": "2.9"
        },
        {
            "WeekOf": "3-Feb",
            "VolGrowth": "10.0",
            "TxnGrowth": "8.7",
            "VolGrowthAVG": "4.0",
            "TxnGrowthAVG": "4.3"
        },
        {
            "WeekOf": "10-Feb",
            "VolGrowth": "5.5",
            "TxnGrowth": "7.3",
            "VolGrowthAVG": "5.3",
            "TxnGrowthAVG": "6.4"
        },
        {
            "WeekOf": "17-Feb",
            "VolGrowth": "5.2",
            "TxnGrowth": "7.1",
            "VolGrowthAVG": "5.5",
            "TxnGrowthAVG": "7.1"
        },
        {
            "WeekOf": "24-Feb",
            "VolGrowth": "-3.6",
            "TxnGrowth": "-1.5",
            "VolGrowthAVG": "4.3",
            "TxnGrowthAVG": "5.4"
        },
        {
            "WeekOf": "2-Mar",
            "VolGrowth": "8.1",
            "TxnGrowth": "6.1",
            "VolGrowthAVG": "3.8",
            "TxnGrowthAVG": "4.7"
        },
        {
            "WeekOf": "9-Mar",
            "VolGrowth": "-8.6",
            "TxnGrowth": "-10.9",
            "VolGrowthAVG": "0.3",
            "TxnGrowthAVG": "0.2"
        },
        {
            "WeekOf": "16-Mar",
            "VolGrowth": "-25.6",
            "TxnGrowth": "-33.8",
            "VolGrowthAVG": "-7.4",
            "TxnGrowthAVG": "-10.0"
        },
        {
            "WeekOf": "23-Mar",
            "VolGrowth": "-40.6",
            "TxnGrowth": "-46.3",
            "VolGrowthAVG": "-16.6",
            "TxnGrowthAVG": "-21.2"
        },
        {
            "WeekOf": "30-Mar",
            "VolGrowth": "-33.6",
            "TxnGrowth": "-44.4",
            "VolGrowthAVG": "-27.1",
            "TxnGrowthAVG": "-33.9"
        },
        {
            "WeekOf": "6-Apr",
            "VolGrowth": "-68.6",
            "TxnGrowth": "-75.1",
            "VolGrowthAVG": "-42.1",
            "TxnGrowthAVG": "-49.9"
        },
        {
            "WeekOf": "13-Apr",
            "VolGrowth": "-20.1",
            "TxnGrowth": "-34.3",
            "VolGrowthAVG": "-40.7",
            "TxnGrowthAVG": "-50.0"
        },
        {
            "WeekOf": "20-Apr",
            "VolGrowth": "-35.8",
            "TxnGrowth": "-43.9",
            "VolGrowthAVG": "-39.5",
            "TxnGrowthAVG": "-49.4"
        },
        {
            "WeekOf": "27-Apr",
            "VolGrowth": "-30.3",
            "TxnGrowth": "-39.6",
            "VolGrowthAVG": "-38.7",
            "TxnGrowthAVG": "-48.2"
        },
        {
            "WeekOf": "4-May",
            "VolGrowth": "-26.4",
            "TxnGrowth": "-39.2",
            "VolGrowthAVG": "-28.2",
            "TxnGrowthAVG": "-39.2"
        },
        {
            "WeekOf": "11-May",
            "VolGrowth": "-22.9",
            "TxnGrowth": "-35.2",
            "VolGrowthAVG": "-28.8",
            "TxnGrowthAVG": "-39.5"
        },
        {
            "WeekOf": "18-May",
            "VolGrowth": "-19.7",
            "TxnGrowth": "-33.2",
            "VolGrowthAVG": "-24.8",
            "TxnGrowthAVG": "-36.8"
        },
        {
            "WeekOf": "25-May",
            "VolGrowth": "-20.3",
            "TxnGrowth": "-32.9",
            "VolGrowthAVG": "-22.3",
            "TxnGrowthAVG": "-35.1"
        },
        {
            "WeekOf": "1-Jun",
            "VolGrowth": "-13.0",
            "TxnGrowth": "-25.3",
            "VolGrowthAVG": "-18.9",
            "TxnGrowthAVG": "-31.6"
        },
        {
            "WeekOf": "8-Jun",
            "VolGrowth": "-12.5",
            "TxnGrowth": "-25.8",
            "VolGrowthAVG": "-16.4",
            "TxnGrowthAVG": "-29.3"
        },
        {
            "WeekOf": "15-Jun",
            "VolGrowth": "-7.6",
            "TxnGrowth": "-17.2",
            "VolGrowthAVG": "-13.4",
            "TxnGrowthAVG": "-25.3"
        },
        {
            "WeekOf": "22-Jun",
            "VolGrowth": "-16.0",
            "TxnGrowth": "-21.5",
            "VolGrowthAVG": "-12.3",
            "TxnGrowthAVG": "-22.5"
        },
        {
            "WeekOf": "29-Jun",
            "VolGrowth": "-2.3",
            "TxnGrowth": "-12.7",
            "VolGrowthAVG": "-9.6",
            "TxnGrowthAVG": "-19.3"
        },
        {
            "WeekOf": "6-Jul",
            "VolGrowth": "-3.5",
            "TxnGrowth": "-13.3",
            "VolGrowthAVG": "-7.4",
            "TxnGrowthAVG": "-16.2"
        },
        {
            "WeekOf": "13-Jul",
            "VolGrowth": "-3.3",
            "TxnGrowth": "-11.6",
            "VolGrowthAVG": "-6.3",
            "TxnGrowthAVG": "-14.8"
        },
        {
            "WeekOf": "20-Jul",
            "VolGrowth": "-2.8",
            "TxnGrowth": "-12.9",
            "VolGrowthAVG": "-3.0",
            "TxnGrowthAVG": "-12.6"
        },
        {
            "WeekOf": "27-Jul",
            "VolGrowth": "-5.0",
            "TxnGrowth": "-9.7",
            "VolGrowthAVG": "-3.6",
            "TxnGrowthAVG": "-11.9"
        },
        {
            "WeekOf": "3-Aug",
            "VolGrowth": "5.3",
            "TxnGrowth": "-4.3",
            "VolGrowthAVG": "-1.4",
            "TxnGrowthAVG": "-9.6"
        },
        {
            "WeekOf": "10-Aug",
            "VolGrowth": "-4.3",
            "TxnGrowth": "-11.3",
            "VolGrowthAVG": "-1.7",
            "TxnGrowthAVG": "-9.6"
        },
        {
            "WeekOf": "17-Aug",
            "VolGrowth": "-3.0",
            "TxnGrowth": "-10.2",
            "VolGrowthAVG": "-1.8",
            "TxnGrowthAVG": "-8.9"
        },
        {
            "WeekOf": "24-Aug",
            "VolGrowth": "-8.6",
            "TxnGrowth": "-13.1",
            "VolGrowthAVG": "-2.7",
            "TxnGrowthAVG": "-9.7"
        },
        {
            "WeekOf": "31-Aug",
            "VolGrowth": "9.0",
            "TxnGrowth": "0.4",
            "VolGrowthAVG": "-1.7",
            "TxnGrowthAVG": "-8.6"
        },
        {
            "WeekOf": "7-Sep",
            "VolGrowth": "-14.5",
            "TxnGrowth": "-16.9",
            "VolGrowthAVG": "-4.3",
            "TxnGrowthAVG": "-10.0"
        },
        {
            "WeekOf": "14-Sep",
            "VolGrowth": "0.1",
            "TxnGrowth": "-9.7",
            "VolGrowthAVG": "-3.5",
            "TxnGrowthAVG": "-9.8"
        },
        {
            "WeekOf": "21-Sep",
            "VolGrowth": "-4.8",
            "TxnGrowth": "-10.5",
            "VolGrowthAVG": "-2.6",
            "TxnGrowthAVG": "-9.2"
        },
        {
            "WeekOf": "28-Sep",
            "VolGrowth": "-0.2",
            "TxnGrowth": "-9.5",
            "VolGrowthAVG": "-4.9",
            "TxnGrowthAVG": "-11.7"
        },
        {
            "WeekOf": "5-Oct",
            "VolGrowth": "-2.9",
            "TxnGrowth": "-11.1",
            "VolGrowthAVG": "-2.0",
            "TxnGrowthAVG": "-10.2"
        },
        {
            "WeekOf": "12-Oct",
            "VolGrowth": "-3.4",
            "TxnGrowth": "-14.0",
            "VolGrowthAVG": "-2.8",
            "TxnGrowthAVG": "-11.3"
        },
        {
            "WeekOf": "19-Oct",
            "VolGrowth": "-6.0",
            "TxnGrowth": "-15.6",
            "VolGrowthAVG": "-3.1",
            "TxnGrowthAVG": "-12.6"
        },
        {
            "WeekOf": "26-Oct",
            "VolGrowth": "-1.9",
            "TxnGrowth": "-8.2",
            "VolGrowthAVG": "-3.6",
            "TxnGrowthAVG": "-12.2"
        },
        {
            "WeekOf": "2-Nov",
            "VolGrowth": "1.1",
            "TxnGrowth": "-8.5",
            "VolGrowthAVG": "-2.6",
            "TxnGrowthAVG": "-11.6"
        },
        {
            "WeekOf": "9-Nov",
            "VolGrowth": "-3.6",
            "TxnGrowth": "-11.9",
            "VolGrowthAVG": "-2.6",
            "TxnGrowthAVG": "-11.1"
        },
        {
            "WeekOf": "16-Nov",
            "VolGrowth": "4.9",
            "TxnGrowth": "-7.9",
            "VolGrowthAVG": "0.1",
            "TxnGrowthAVG": "-9.1"
        },
        {
            "WeekOf": "23-Nov",
            "VolGrowth": "-10.9",
            "TxnGrowth": "-18.0",
            "VolGrowthAVG": "-2.1",
            "TxnGrowthAVG": "-11.6"
        },
        {
            "WeekOf": "3-Nov",
            "VolGrowth": "5.6",
            "TxnGrowth": "-7.8",
            "VolGrowthAVG": "-1.0",
            "TxnGrowthAVG": "-11.4"
        },
        {
            "WeekOf": "7-Dec",
            "VolGrowth": "-4.1",
            "TxnGrowth": "-12.4",
            "VolGrowthAVG": "-1.1",
            "TxnGrowthAVG": "-11.5"
        }
    ]
}